date,title,description,url,source,content
2025-10-03 16:13:24+00:00,"Bitcoin Surges Above $123K, Nearing New Record as Bullish Q4 Sentiment Fuels Weeklong Rally",,https://www.coindesk.com/markets/2025/10/03/bitcoin-surges-above-usd123k-nearing-new-record-as-bullish-q4-sentiment-fuels-weeklong-rally,CoinDesk,
2025-10-03 14:27:59+00:00,"MARA Holdings Produced 736 Bitcoin in September, Holds 52,580 BTC in Treasury",,https://www.coindesk.com/markets/2025/10/03/mara-holdings-produced-736-bitcoin-in-september-holds-52-580-btc-in-treasury,CoinDesk,
2025-10-03 13:47:53+00:00,CleanSpark's Bitcoin Stack Rose to More Than 13K in September,,https://www.coindesk.com/business/2025/10/03/cleanspark-s-bitcoin-stack-rose-to-more-than-13k-in-september,CoinDesk,
2025-10-03 12:00:00+00:00,Crypto Markets Today: BTC Pressures $120K as Traders Brace for Potential Short Squeeze,,https://www.coindesk.com/markets/2025/10/03/crypto-markets-today-btc-pressures-usd120k-as-traders-brace-for-potential-short-squeeze,CoinDesk,
2025-10-03 11:50:45+00:00,'Debaser Trade' in Full Force as Bitcoin and Gold ETFs Rank in Top 10 for Volume,,https://www.coindesk.com/markets/2025/10/03/debaser-trade-in-full-force-as-bitcoin-and-gold-etfs-rank-in-top-10-for-volume,CoinDesk,
2025-10-03 11:15:00+00:00,"BTC, Gold Jump as Shutdown Delays Data, Fuels Rate-Cut Bets: Crypto Daybook Americas",,https://www.coindesk.com/daybook-us/2025/10/03/btc-gold-jump-as-shutdown-delays-data-fuels-rate-cut-bets-crypto-daybook-americas,CoinDesk,
2025-10-03 09:46:09+00:00,Accumulation Trends Strengthen as Bitcoin Breaks Through $120K,,https://www.coindesk.com/markets/2025/10/03/accumulation-trends-strengthen-as-bitcoin-breaks-through-usd120k,CoinDesk,
2025-10-03 06:02:47+00:00,"BNB Breakout Over $1.1K Leaves Bitcoin, Dogecoin Behind, With Ecosystem Tokens in Focus",,https://www.coindesk.com/markets/2025/10/03/bnb-breakout-over-usd1-1k-leaves-bitcoin-dogecoin-behind-with-ecosystem-tokens-in-focus,CoinDesk,
2025-10-03 04:41:26+00:00,Bitcoin to $200K by End of 2025? This Cycle Indicator Points to Explosive Months Ahead,,https://www.coindesk.com/markets/2025/10/03/bitcoin-to-usd200k-by-end-of-2025-this-cycle-indicator-points-to-explosive-months-ahead,CoinDesk,
